nom,recompenses,carriere_duree,films_series,score
zzen,0.0,0.0,0.0,0.0
zzclark,0.0,0.0169491525423728,0.0095238095238095,0.0359967715899919
zywiakrolikowski,0.0,0.0,0.0,0.0
zyriabmeghraoui,0.0,0.0,0.0,0.0
zyrasingleton,0.0,0.0,0.0,0.0
zyragorecki,0.0,0.0,0.0,0.0
zyonbarreto,0.0,0.0,0.0,0.0
zynnellzuh,0.0,0.0,0.0063492063492063,0.0126984126984126
zynepozbaturatakan,0.0,0.0,0.0,0.0
zynaidakiriendo,0.0,0.0,0.0,0.0
zylanbrooks,0.0,0.1864406779661017,0.0793650793650793,0.3451708366962604
zyketzaza,0.0,0.0,0.0,0.0
zygmuntzintel,0.0,0.4915254237288136,0.0126984126984126,0.516922249125639
zygmuntwojcik,0.0,0.0,0.0,0.0
zygmuntsulistrowski,0.0,0.0,0.0158730158730158,0.0317460317460317
zygmuntsamosiuk,0.0,0.0,0.0,0.0
zygmuntmalanowicz,0.0,0.4661016949152542,0.0349206349206349,0.5359429647565241
zygmuntmalanawotz,0.0,0.0,0.0,0.0
zygmuntmaciejewski,0.0,0.0,0.0,0.0
zygmuntlistkiewicz,0.0,0.0338983050847457,0.0063492063492063,0.0465967177831584
zygmuntkrusznicki,0.0,0.0,0.0,0.0
zygmuntkonieczny,0.0,0.0,0.0,0.0
zygmuntkestowicz,0.0,0.288135593220339,0.0095238095238095,0.307183212267958
zygmuntjozetczak,0.0,0.0,0.0,0.0
zygmunthuebner,0.0,0.0084745762711864,0.0063492063492063,0.0211729889695991
zygmuntgorodowienko,0.0,0.0,0.0,0.0
zygiwilf,0.0,0.0,0.0,0.0
zygimantejakstaite,0.0,0.0,0.0,0.0
zygikamasa,0.0,0.0,0.0,0.0
zygamondjablecki,0.0,0.0,0.0,0.0
zydrunassavickas,0.0,0.0,0.0,0.0
zyanyasalazar,0.0,0.0,0.0,0.0
zyanaperry,0.0,0.0,0.0,0.0
zyadalamri,0.0,0.0,0.0,0.0
zyaacala,0.0,0.0,0.0,0.0
zwright,0.0,0.0,0.0,0.0
zwilimon,0.0,0.0,0.0,0.0
zwikanar,0.0,0.0,0.0,0.0
zwelidube,0.0,0.0,0.0,0.0
zwaynegriffin,0.0,0.0,0.0,0.0
zvonock,0.0,0.0,0.0,0.0
zvonkozecevic,0.0,0.0,0.0,0.0
zvonkomilas,0.0,0.0,0.0,0.0
zvonkolakcevic,0.0,0.0,0.0063492063492063,0.0126984126984126
zvonkodobrin,0.0,0.0,0.0,0.0
zvonkoblaskovic,0.0,0.0,0.0,0.0
zvonkamakuc,0.0,0.0,0.0,0.0
zvonimirrogoz,0.0,0.0,0.0095238095238095,0.019047619047619
zvonimirkostic,0.0,0.0,0.0,0.0
zvonimirjuric,0.0,0.0,0.0126984126984126,0.0253968253968253
zvonimirharamija,0.0,0.0,0.0,0.0
zvonimirhace,0.0,0.0,0.0,0.0
zvonimirferencic,0.0,0.0,0.0,0.0
zvonimircuk,0.0,0.0,0.0,0.0
zvonimircrnko,0.0,0.0932203389830508,0.0063492063492063,0.1059187516814635
zvonimirberkovic,0.0,0.0338983050847457,0.0095238095238095,0.0529459241323648
zvonimirankovic,0.0,0.0,0.0,0.0
zvonehribar,0.0,0.0,0.0,0.0
zviszkolnik,0.0,0.0,0.0,0.0
zvispielmann,0.0,0.0,0.0,0.0
zvikoniklemsky,0.0,0.0,0.0,0.0
zvikolitz,0.0,0.0,0.0,0.0
zvikenan,0.0,0.0,0.0,0.0
zvikahadar,0.0,0.135593220338983,0.0126984126984126,0.1609900457358084
zvihawardrosenman,0.0,0.0,0.0,0.0
zvifriedmann,0.0,0.0,0.0,0.0
zvifrank,0.0,0.0,0.0,0.0
zvidavidfajol,0.0,0.0,0.0,0.0
zviadpapuashvili,0.0,0.0,0.0,0.0
zviadmgebry,0.0,0.0,0.0,0.0
zviadimbort,0.0,0.0,0.0,0.0
zvezdaangelovska,0.0,0.0,0.0063492063492063,0.0126984126984126
zvennyvkist,0.0,0.0,0.0,0.0
zveescooler,0.0,0.423728813559322,0.0285714285714285,0.4808716707021792
zuzhouzuoxiao,0.0,0.0169491525423728,0.0,0.0169491525423728
zuzannaszadkowski,0.0,0.1101694915254237,0.0412698412698412,0.1927091740651062
zuzannasurowy,0.0,0.0,0.0,0.0
zuzannasaporznikow,0.0,0.0,0.0,0.0
zuzannamadejska,0.0,0.0,0.0,0.0
zuzannakasz,0.0,0.0,0.0,0.0
zuzannagalewicz,0.0,0.0,0.0063492063492063,0.0126984126984126
zuzannadurdinova,0.0,0.0,0.0,0.0
zuzanazvonickova,0.0,0.0,0.0,0.0
zuzanavejvodova,0.0,0.0,0.0063492063492063,0.0126984126984126
zuzanasulajova,0.0,0.0,0.0,0.0
zuzanastudena,0.0,0.0,0.0,0.0
zuzanastivinova,0.0,0.2033898305084745,0.0412698412698412,0.2859295130481571
zuzanastefankovicova,0.0,0.0,0.0,0.0
zuzanastavna,0.0,0.0,0.0,0.0
zuzanaspidlova,0.0,0.0,0.0,0.0
zuzanarumlova,0.0,0.0,0.0,0.0
zuzanarihova,0.0,0.0,0.0,0.0
zuzanapovysilova,0.0,0.0,0.0,0.0
zuzanapokorna,0.0,0.0,0.0,0.0
zuzanapohankova,0.0,0.0,0.0,0.0
zuzanapiussi,0.0,0.0,0.0,0.0
zuzanaoprsalova,0.0,0.0,0.0,0.0
zuzananorisova,0.0,0.0,0.0063492063492063,0.0126984126984126
zuzanamistrikova,0.0,0.0,0.0,0.0
zuzanaminichova,0.0,0.0,0.0,0.0
zuzanaminacova,0.0,0.0,0.0,0.0
zuzanamikus,0.0,0.0,0.0,0.0
zuzanamaurery,0.0,0.0338983050847457,0.0285714285714285,0.0910411622276029
zuzanamarlow,0.0,0.0,0.0,0.0
zuzanamachova,0.0,0.0,0.0,0.0
zuzanaliova,0.0,0.0,0.0,0.0
zuzanalapcikova,0.0,0.0,0.0,0.0
zuzanakronerova,0.0,0.2203389830508474,0.0317460317460317,0.2838310465429109
zuzanakrejzkova,0.0,0.0,0.0,0.0
zuzanakonecna,0.0,0.0,0.0095238095238095,0.019047619047619
zuzanakocurikova,0.0,0.0,0.0095238095238095,0.019047619047619
zuzanakirchnerovaspidlova,0.032258064516129,0.0,0.0063492063492063,0.1094726062467997
zuzanakanocz,0.0,0.0,0.0063492063492063,0.0126984126984126
zuzanakajnarova,0.0,0.0,0.0,0.0
zuzanajustman,0.0,0.0,0.0,0.0
zuzanajankovicova,0.0,0.0,0.0,0.0
zuzanahodkova,0.0,0.0084745762711864,0.0126984126984126,0.0338714016680118
zuzanahalustokova,0.0,0.0,0.0,0.0
zuzanageislerova,0.0,0.135593220338983,0.0095238095238095,0.1546408393866021
zuzanafrenglova,0.0,0.0,0.0,0.0
zuzanafialova,0.0,0.1016949152542372,0.0253968253968253,0.152488566047888
zuzanadzurindova,0.0,0.0,0.0,0.0
zuzanacupova,0.0,0.0,0.0,0.0
zuzanaciganova,0.0,0.0,0.0,0.0
zuzanacastkova,0.0,0.0,0.0,0.0
zuzanabydzovska,0.0,0.2372881355932203,0.0285714285714285,0.2944309927360775
zuzanaburianova,0.0,0.0,0.0,0.0
zuzanabochar,0.0,0.0,0.0,0.0
zuzahomemdemello,0.0,0.0,0.0095238095238095,0.019047619047619
zuyangsun,0.0,0.0,0.0063492063492063,0.0126984126984126
zuwuqian,0.0,0.0,0.0,0.0
zuul,0.0,0.0,0.0,0.0
zutoiaalarcia,0.0,0.0,0.0,0.0
zut,0.0,0.0,0.0,0.0
zurkastepla,0.0,0.0,0.0,0.0
zuriwilliams,0.0,0.0,0.0,0.0
zuristarks,0.0,0.0,0.0095238095238095,0.019047619047619
zurisalahuddin,0.0,0.0,0.0,0.0
zurireed,0.0,0.0,0.0063492063492063,0.0126984126984126
zurinvillanueva,0.0,0.0,0.0095238095238095,0.019047619047619
zurineetxebarria,0.0,0.0,0.0,0.0
zurijames,0.0,0.0,0.0,0.0
zurihall,0.0,0.0,0.0063492063492063,0.0126984126984126
zurigoldman,0.0,0.0,0.0,0.0
zurigiddings,0.0,0.0,0.0,0.0
zurifrancois,0.0,0.0,0.0,0.0
zurieldepeslouan,0.0,0.0254237288135593,0.019047619047619,0.0635189669087974
zuriavega,0.0,0.1101694915254237,0.0476190476190476,0.2054075867635189
zuriadele,0.0,0.0254237288135593,0.0,0.0254237288135593
zuraqapianidze,0.0,0.0,0.0,0.0
zuranijaradze,0.0,0.0,0.0,0.0
zurakipshidze,0.0,0.0169491525423728,0.0095238095238095,0.0359967715899919
zurainrakshi,0.0,0.0,0.0,0.0
zurabshilakadze,0.0,0.0,0.0,0.0
zurabrtveliasvili,0.0,0.0,0.0063492063492063,0.0126984126984126
zurabmagalashvili,0.0,0.0,0.0,0.0
zurabmagadlasvili,0.0,0.0,0.0,0.0
zurabgogaladze,0.0,0.0,0.0,0.0
zurabegalishvili,0.0,0.0,0.0095238095238095,0.019047619047619
zurabantelava,0.0,0.0,0.0,0.0
zuquirke,0.0,0.0,0.0,0.0
zuoxiaoqing,0.0,0.0,0.0,0.0
zuosongshen,0.0,0.0847457627118644,0.0063492063492063,0.0974441754102771
zuobaito,0.0,0.0,0.0,0.0
zunzhou,0.0,0.0,0.0,0.0
zunyjoy,0.0,0.0,0.0,0.0
zunmeicui,0.0,0.0,0.0,0.0
zunildapaniagua,0.0,0.0,0.0,0.0
zunbeltzcuevas,0.0,0.0,0.0,0.0
zumruterkin,0.0,0.0,0.0063492063492063,0.0126984126984126
zumrutcavusoglu,0.0,0.0,0.0,0.0
zumirosow,0.0,0.0,0.0063492063492063,0.0126984126984126
zulymontero,0.0,0.1694915254237288,0.0126984126984126,0.1948883508205542
zulvellani,0.0,0.0,0.0,0.0
zuluyachi,0.0,0.0,0.0,0.0
zuluonuekwusi,0.0,0.0,0.0,0.0
zulu,0.0,0.0169491525423728,0.0,0.0169491525423728
zulpikurban,0.0,0.0,0.0,0.0
zulmarouge,0.0,0.0,0.0,0.0
zulmagasparini,0.0,0.0,0.0,0.0
zullymoreno,0.0,0.0423728813559322,0.019047619047619,0.0804681194511703
zullikarmali,0.0,0.0,0.0,0.0
zulkufyucel,0.0,0.0,0.0,0.0
zulkufyldrm,0.0,0.0,0.0,0.0
zulkiflilawani,0.0,0.0,0.0,0.0
zulkifliismail,0.0,0.0,0.0,0.0
zulkarnainazhar,0.0,0.0,0.0,0.0
zulialadag,0.0,0.0677966101694915,0.0634920634920634,0.1947807371536185
zulfulivaneli,0.0,0.2627118644067797,0.0095238095238095,0.2817594834543987
zulfuhamitaltn,0.0,0.0,0.0444444444444444,0.0888888888888888
zulfisayed,0.0,0.0,0.0,0.0
zulfiqaralichaudhry,0.0,0.0,0.0,0.0
zulfikarzukodzumhur,0.0,0.0,0.0,0.0
zulfikarguzelgun,0.0,0.0,0.0,0.0
zulfamaharani,0.0,0.0,0.0,0.0
zuleymaguevara,0.0,0.0,0.0095238095238095,0.019047619047619
zuleykasilver,0.0,0.0762711864406779,0.0317460317460317,0.1397632499327414
zuleyhakaryagd,0.0,0.0,0.0095238095238095,0.019047619047619
zulemagriffin,0.0,0.0,0.0,0.0
zulemadene,0.0,0.0084745762711864,0.0095238095238095,0.0275221953188054
zulemacruz,0.0,0.0,0.0,0.0
zuleikharobinson,0.0,0.1525423728813559,0.0857142857142857,0.3239709443099273
zuleidevigo,0.0,0.0,0.0,0.0
zulazazou,0.0,0.0,0.0,0.0
zulayhenao,0.0,0.135593220338983,0.0825396825396825,0.3006725854183481
zulariffin,0.0,0.0,0.0063492063492063,0.0126984126984126
zulaiaidomirov,0.0,0.0,0.0,0.0
zukonodada,0.0,0.0254237288135593,0.0126984126984126,0.0508205542103847
zukkideabaitua,0.0,0.0,0.0,0.0
zukileggobose,0.0,0.0,0.0,0.0
zukhraduishvili,0.0,0.0,0.0,0.0
zukatsirekidze,0.0,0.0,0.0063492063492063,0.0126984126984126
zuillbailey,0.0,0.0423728813559322,0.0,0.0423728813559322
zuihohayashi,0.0,0.0,0.0,0.0
zuhtuerkan,0.0,0.0254237288135593,0.0126984126984126,0.0508205542103847
zuhdiboueri,0.0,0.0,0.0095238095238095,0.019047619047619
zuhalyalcn,0.0,0.0,0.0285714285714285,0.0571428571428571
zuhaltopal,0.0,0.1271186440677966,0.0285714285714285,0.1842615012106537
zuhaltatlcoglu,0.0,0.0,0.0,0.0
zuhaltan,0.0,0.0,0.0222222222222222,0.0444444444444444
zuhalolcay,0.0,0.2966101694915254,0.0666666666666666,0.4299435028248588
zuhalkozak,0.0,0.0,0.0,0.0
zuhalgencererkaya,0.0,0.2033898305084745,0.0603174603174603,0.3240247511433952
zuhalaktan,0.0,0.0,0.0,0.0
zuhairhaddad,0.0,0.1779661016949152,0.0285714285714285,0.2351089588377723
zuhairabuhanna,0.0,0.0,0.0,0.0
zuhaidasabbagh,0.0,0.0,0.0,0.0
zufitgrant,0.0,0.0,0.0,0.0
zufeng,0.0,0.0847457627118644,0.0285714285714285,0.1418886198547215
zuellamurray,0.0,0.0,0.0,0.0
zuckeremanuell,0.0,0.0,0.0,0.0
zucchero,0.0,0.0,0.0,0.0
zubinvarla,0.0,0.1186440677966101,0.0253968253968253,0.1694377185902609
zubinsethna,0.0,0.0,0.0063492063492063,0.0126984126984126
zubinnagpal,0.0,0.0,0.0,0.0
zubinmistry,0.0,0.0,0.0,0.0
zubinmehta,0.0,0.0847457627118644,0.0158730158730158,0.1164917944578961
zubincooper,0.0,0.0,0.0,0.0
zubimohammed,0.0,0.0,0.0,0.0
zubeyrsasmaz,0.0,0.0254237288135593,0.0158730158730158,0.057169760559591
zubeydebulut,0.0,0.0,0.0158730158730158,0.0317460317460317
zuberimohamed,0.0,0.0,0.0,0.0
zubeemgarg,0.0,0.0,0.0,0.0
zubbymichael,0.0,0.0,0.0,0.0
zubaidatharwat,0.0,0.0,0.0,0.0
zubaidasahar,0.0,0.0,0.0,0.0
zsuzskabeswick,0.0,0.0,0.0,0.0
zsuzsikasztner,0.0,0.0,0.0,0.0
zsuzsavicze,0.0,0.0,0.0,0.0
zsuzsatoth,0.0,0.0,0.0,0.0
zsuzsastenger,0.0,0.0,0.0,0.0
zsuzsapartenyi,0.0,0.0,0.0,0.0
zsuzsannavarkonyi,0.0,0.0847457627118644,0.0063492063492063,0.0974441754102771
zsuzsannatoth,0.0,0.0,0.0,0.0
zsuzsannasipos,0.0,0.0,0.0,0.0
zsuzsannaroe,0.0,0.0,0.0,0.0
zsuzsannapethes,0.0,0.0,0.0,0.0
zsuzsannakiraly,0.0,0.0,0.0,0.0
zsuzsannagurban,0.0,0.0,0.0,0.0
zsuzsannaborvendeg,0.0,0.0,0.0,0.0
zsuzsamihalek,0.0,0.0,0.0,0.0
zsuzsamalnai,0.0,0.0,0.0,0.0
zsuzsakorosi,0.0,0.0,0.0,0.0
zsuzsakismartylechner,0.0,0.0,0.0,0.0
zsuzsajaro,0.0,0.0,0.0063492063492063,0.0126984126984126
zsuzsaholl,0.0,0.0,0.0,0.0
zsuzsagurban,0.0,0.0,0.0,0.0
zsuzsagordon,0.0,0.0,0.0,0.0
zsuzsafodor,0.0,0.0,0.0,0.0
zsuzsafarkas,0.0,0.0,0.0,0.0
zsuzsaeinhorn,0.0,0.0,0.0,0.0
zsuzsaczinkoczi,0.0,0.1949152542372881,0.0158730158730158,0.2266612859833199
zsuzsacserhati,0.0,0.0,0.0,0.0
zsuzsacsakany,0.0,0.0,0.0,0.0
zsuzsaboszormenyi,0.0,0.0,0.0,0.0
zsuzsabarsi,0.0,0.0,0.0,0.0
zsuzsabanky,0.0,0.1525423728813559,0.0063492063492063,0.1652407855797686
zsomborjeger,0.0,0.0,0.0,0.0
zsombordyga,0.0,0.0,0.0,0.0
zsoltzayzon,0.0,0.0,0.0063492063492063,0.0126984126984126
zsoltzagoni,0.0,0.0508474576271186,0.0063492063492063,0.0635458703255313
zsoltviktormagyari,0.0,0.0,0.0,0.0
zsoltvicei,0.0,0.0,0.0063492063492063,0.0126984126984126
zsoltvegh,0.0,0.0254237288135593,0.0158730158730158,0.057169760559591
zsoltvadaszffy,0.0,0.0,0.0,0.0
zsolttrill,0.0,0.1271186440677966,0.0412698412698412,0.2096583266074791
zsolttolmer,0.0,0.0,0.0,0.0
zsoltszabo,0.0,0.0,0.0,0.0
zsoltsafarkovacs,0.0,0.0,0.0063492063492063,0.0126984126984126
zsoltrichly,0.0,0.0,0.0,0.0
zsoltpalotai,0.0,0.0,0.0,0.0
zsoltpall,0.0,0.1101694915254237,0.0126984126984126,0.1355663169222491
zsoltpalfi,0.0,0.0,0.0063492063492063,0.0126984126984126
zsoltnagy,0.0,0.0,0.0476190476190476,0.0952380952380952
zsoltmagyar,0.0,0.0,0.0,0.0
zsoltlipics,0.0,0.0,0.0,0.0
zsoltlaszlo,0.0,0.0169491525423728,0.019047619047619,0.0550443906376109
zsoltkovacs,0.0,0.0,0.0126984126984126,0.0253968253968253
zsoltkortvelyessy,0.0,0.0,0.0063492063492063,0.0126984126984126
zsoltkezdikovacs,0.0,0.3898305084745763,0.0095238095238095,0.4088781275221953
zsolthuszar,0.0,0.0,0.0,0.0
zsolthammer,0.0,0.0,0.0,0.0
zsoltfodor,0.0,0.0,0.0,0.0
zsoltferencmaier,0.0,0.0,0.0,0.0
zsoltfeher,0.0,0.0,0.0,0.0
zsoltdurko,0.0,0.0,0.0,0.0
zsoltdome,0.0,0.0,0.0,0.0
zsoltder,0.0,0.0,0.0158730158730158,0.0317460317460317
zsoltcsutak,0.0,0.0,0.0,0.0
zsoltcsengery,0.0,0.0,0.0,0.0
zsoltbuti,0.0,0.0,0.0,0.0
zsoltbolonyi,0.0,0.0,0.0,0.0
zsoltbanki,0.0,0.0,0.0,0.0
zsoltbacs,0.0,0.0847457627118644,0.0285714285714285,0.1418886198547215
zsoltanger,0.0,0.0932203389830508,0.0285714285714285,0.1503631961259079
zsokarduzar,0.0,0.0,0.0,0.0
zsokabarkacs,0.0,0.0,0.0,0.0
zsofitrecsko,0.0,0.0,0.0,0.0
zsofiszilagyi,0.0,0.0,0.0,0.0
zsofioblath,0.0,0.0,0.0,0.0
zsofilanyi,0.0,0.0,0.0,0.0
zsofigonda,0.0,0.0,0.0,0.0
zsofiataller,0.0,0.0,0.0,0.0
zsofiaszilagyi,0.0,0.0,0.0,0.0
zsofiaszamosi,0.0,0.0,0.0158730158730158,0.0317460317460317
zsofiastavropoulos,0.0,0.0,0.0,0.0
zsofiaruttkay,0.0,0.0,0.0,0.0
zsofiarozgonyi,0.0,0.0508474576271186,0.0,0.0508474576271186
zsofiapsotta,0.0,0.0,0.0,0.0
zsofiapauliczky,0.0,0.0,0.0,0.0
zsofiaotvos,0.0,0.0,0.0,0.0
zsofiamiklos,0.0,0.0,0.0,0.0
zsofiakende,0.0,0.0,0.0,0.0
zsofiakemeny,0.0,0.0,0.0,0.0
zsofiaeordogh,0.0,0.0,0.0,0.0
zsofiabaji,0.0,0.0,0.0,0.0
zsigmondmayer,0.0,0.0,0.0,0.0
zsigmondkungl,0.0,0.0,0.0,0.0
zsigmondgerloczy,0.0,0.0,0.0,0.0
zsigmondgaborpapp,0.0,0.0084745762711864,0.0063492063492063,0.0211729889695991
zsigahajdu,0.0,0.0,0.0,0.0
zshakiragray,0.0,0.0,0.0,0.0
zsazsapadilla,0.0,0.0,0.0063492063492063,0.0126984126984126
zsazsainciburkle,0.0,0.0169491525423728,0.0507936507936507,0.1185364541296744
zsazsagabor,0.0,0.3728813559322034,0.0984126984126984,0.5697067527576002
zsannepitta,0.0,0.0,0.0,0.0
zsanettkertesz,0.0,0.0,0.0,0.0
zsanejhe,0.0,0.0,0.0126984126984126,0.0253968253968253
zsambekviktor,0.0,0.0,0.0,0.0
zrnkamiskovic,0.0,0.0,0.0,0.0
zrinkoogresta,0.0,0.0,0.0063492063492063,0.0126984126984126
zrinkakatarinamatijevic,0.0,0.0,0.0,0.0
zrinkacvitesic,0.0,0.1440677966101695,0.0380952380952381,0.2202582728006457
zrinkaanic,0.0,0.0,0.0,0.0
zraywakeman,0.0,0.0084745762711864,0.019047619047619,0.0465698143664245
zozimobulbul,0.0,0.3135593220338983,0.0825396825396825,0.4786386871132634
zozibinitunzi,0.0,0.0,0.0,0.0
zozanakgun,0.0,0.0,0.0,0.0
zoyavasilkova,0.0,0.0,0.0,0.0
zoyashybkouskaya,0.0,0.0,0.0,0.0
zoyasevastianou,0.0,0.0,0.0,0.0
zoyapon,0.0,0.0,0.0,0.0
zoyamakhlina,0.0,0.0,0.0,0.0
zoyamachkina,0.0,0.0,0.0,0.0
zoyakudrya,0.0,0.0,0.0,0.0
zoyahussain,0.0,0.0,0.0158730158730158,0.0317460317460317
zoyahassan,0.0,0.0,0.0,0.0
zoyagubina,0.0,0.0,0.0,0.0
zoyafyodorova,0.0,0.2966101694915254,0.0126984126984126,0.3220069948883509
zoyaburyak,0.0,0.1440677966101695,0.0253968253968253,0.1948614474038202
zoyabarantsevich,0.0,0.0,0.0,0.0
zoyabaranovskaya,0.0,0.0,0.0,0.0
zoyabacai,0.0,0.0,0.0,0.0
zoyaakhtar,0.0,0.1779661016949152,0.0285714285714285,0.2351089588377723
zoya,0.0,0.0,0.0,0.0
zowangira,0.0,0.0,0.0,0.0
zovek,0.0,0.0,0.0,0.0
zouzouhamdyelhakim,0.0,0.0,0.0,0.0
zouzouhamdialhakim,0.0,0.0,0.0,0.0
zouzoubenchikha,0.0,0.0,0.0126984126984126,0.0253968253968253
zouzou,0.0,0.1610169491525423,0.0476190476190476,0.2562550443906376
zouxi,0.0,0.0,0.0,0.0
zouwei,0.0,0.0,0.0,0.0
zouraboutchanechvili,0.0,0.0,0.0,0.0
zoupeng,0.0,0.0169491525423728,0.0063492063492063,0.0296475652407855
zouna,0.0,0.0,0.0,0.0
zoumdominguez,0.0,0.0,0.0,0.0
zoulfikarmousakov,0.0,0.0,0.0,0.0
zoujingshi,0.0,0.0,0.0,0.0
zoujing,0.032258064516129,0.0,0.0095238095238095,0.1158218125960061
zoujichuan,0.0,0.0,0.0,0.0
zouinabitta,0.0,0.0,0.0,0.0
zouhirgacem,0.0,0.0,0.0,0.0
zouherrahim,0.0,0.0,0.0,0.0
zouheirzerhouni,0.0,0.0,0.0095238095238095,0.019047619047619
zouheirramadan,0.0,0.0,0.0063492063492063,0.0126984126984126
zouheirbornaz,0.0,0.0,0.0,0.0
zouheirabdelkarim,0.0,0.0,0.0,0.0
zouhairseffir,0.0,0.0,0.0,0.0
zouhairsabri,0.0,0.0,0.0,0.0
zouhairchebbale,0.0,0.0338983050847457,0.0063492063492063,0.0465967177831584
zouhairbenchicha,0.0,0.0,0.0,0.0
zouc,0.0,0.1440677966101695,0.0285714285714285,0.2012106537530266
zoubiryahiaoui,0.0,0.0,0.0,0.0
zoubirbelgsir,0.0,0.0,0.0,0.0
zoubidameguenni,0.0,0.0,0.0,0.0
zoubidakhiar,0.0,0.0,0.0,0.0
zoubidaafik,0.0,0.0084745762711864,0.0,0.0084745762711864
zoubeirbenbouchta,0.0,0.0,0.0,0.0
zoubairagdaa,0.0,0.0,0.0,0.0
zotipp,0.0,0.0,0.0,0.0
zosiamamet,0.0,0.0932203389830508,0.0857142857142857,0.2646489104116223
zosiamackenzie,0.0,0.0,0.0,0.0
zosialadomirska,0.0,0.0,0.0,0.0
zoryanakushpler,0.0,0.0,0.0,0.0
zorrosidloyi,0.0,0.0,0.0063492063492063,0.0126984126984126
zorozahon,0.0,0.0,0.0,0.0
zornitsasophiapopgantcheva,0.0,0.0,0.0,0.0
zornitsaivanova,0.0,0.0,0.0,0.0
zorkynbeats,0.0,0.0,0.0,0.0
zorkyn,0.0,0.0,0.0,0.0
zorkavargablasko,0.0,0.0,0.0,0.0
zorkamanojlovic,0.0,0.0,0.0,0.0
zorkahorvath,0.0,0.0,0.0,0.0
zoritsakotseva,0.0,0.0,0.0,0.0
zorioneguileor,0.0,0.0677966101694915,0.0380952380952381,0.1439870863599677
zorinehhovak,0.0,0.0,0.0,0.0
zorinahjuan,0.0,0.0,0.0,0.0
zorin,0.0,0.0,0.0,0.0
zorikhlequidre,0.0,0.0,0.0063492063492063,0.0126984126984126
zorigtchimedtseren,0.0,0.0,0.0,0.0
zoriebarber,0.0,0.0,0.0,0.0
zoridavidkova,0.0,0.0,0.0,0.0
zoricaratarov,0.0,0.0,0.0,0.0
zoricarandic,0.0,0.0,0.0,0.0
zoricanusheva,0.0,0.0,0.0063492063492063,0.0126984126984126
zoricalozic,0.0,0.2711864406779661,0.0222222222222222,0.3156308851224105
zoribelfonalledas,0.0,0.0,0.0,0.0
zoriannakit,0.0,0.0084745762711864,0.0126984126984126,0.0338714016680118
zoriahwong,0.0,0.0,0.0095238095238095,0.019047619047619
zorbamontmare,0.0,0.0,0.0,0.0
zorayaperucha,0.0,0.0,0.0,0.0
zorayalopez,0.0,0.0,0.0,0.0
zorathiessen,0.0,0.0254237288135593,0.0285714285714285,0.0825665859564164
zorastancic,0.0,0.0,0.0,0.0
zorarux,0.0,0.0,0.0,0.0
zoraquayton,0.0,0.0,0.0,0.0
zoranzeljko,0.0,0.0,0.0,0.0
zoranvukelic,0.0,0.0762711864406779,0.0158730158730158,0.1080172181867097
zoranveselic,0.0,0.0,0.0,0.0
zoranveljkovic,0.0,0.0,0.0,0.0
zoranvelickovic,0.0,0.0,0.0,0.0
zorantrajkovski,0.0,0.0,0.0,0.0
zorantodorovich,0.0,0.0,0.0,0.0
zorantasic,0.0,0.0,0.0,0.0
zoransudar,0.0,0.0,0.0,0.0
zoranspasovski,0.0,0.0,0.0,0.0
zoransolomun,0.0,0.1694915254237288,0.0095238095238095,0.1885391444713478
zoransimulov,0.0,0.0,0.0,0.0
zoransimonovic,0.0,0.0,0.0,0.0
zoransimjanovic,0.0,0.0,0.0,0.0
zoransimic,0.0,0.0,0.0,0.0
zoranristeski,0.0,0.0,0.0,0.0
zoranradmilovic,0.0,0.1864406779661017,0.0126984126984126,0.2118375033629271
zoranradanovich,0.0,0.0932203389830508,0.0380952380952381,0.169410815173527
zoranprodanovic,0.0,0.0,0.0,0.0
zoranpribicevic,0.0,0.0,0.0,0.0
zoranpopovic,0.0,0.0,0.0,0.0
zoranpingel,0.0,0.0,0.0285714285714285,0.0571428571428571
zoranperisic,0.0,0.0,0.0,0.0
zoranpanjkovic,0.0,0.0,0.0,0.0
zoranmusic,0.0,0.0,0.0,0.0
zoranmisetic,0.0,0.0,0.0,0.0
zoranmilosevic,0.0,0.0762711864406779,0.0063492063492063,0.0889695991390906
zoranmilosavljevic,0.0,0.0,0.0,0.0
zoranmiljkovic,0.0,0.0,0.0126984126984126,0.0253968253968253
zoranmilic,0.0,0.0,0.0,0.0
zoranmikovic,0.0,0.0,0.0,0.0
zoranmarjanovicceda,0.0,0.0,0.0,0.0
zoranmarijanovic,0.0,0.0,0.0,0.0
zoranmaksimovicii,0.0,0.0,0.0,0.0
zoranmaksimovic,0.0,0.0,0.0,0.0
zoranmajkic,0.0,0.0,0.0,0.0
zoranljutkov,0.0,0.0,0.0063492063492063,0.0126984126984126
zoranlisinac,0.0,0.0,0.0063492063492063,0.0126984126984126
zoranlazarevic,0.0,0.0,0.0,0.0
zorankrzisnik,0.0,0.0,0.0,0.0
zorankorach,0.0,0.0508474576271186,0.0444444444444444,0.1397363465160075
zorankocov,0.0,0.0,0.0,0.0
zoranjankovic,0.0,0.0,0.0,0.0
zoranjanjic,0.0,0.0,0.0063492063492063,0.0126984126984126
zoranhristic,0.0,0.0,0.0,0.0
zoranhochstatter,0.0,0.0,0.0,0.0
zoranhocevar,0.0,0.0,0.0,0.0
zoranhajdukvelikovic,0.0,0.0,0.0,0.0
zorangrabarac,0.0,0.0,0.0,0.0
zoranerkovski,0.0,0.0,0.0,0.0
zoranealehurston,0.0,0.0,0.0,0.0
zorandzeverdanovic,0.0,0.0,0.0,0.0
zorandrvenkar,0.0,0.0,0.0,0.0
zorandjordjevic,0.0,0.0,0.0,0.0
zorancvijanovic,0.0,0.1694915254237288,0.0222222222222222,0.2139359698681732
zorancubrilo,0.0,0.0,0.0,0.0
zoranboukherma,0.0,0.0677966101694915,0.019047619047619,0.1058918482647296
zoranborisavljevic,0.0,0.0,0.0,0.0
zoranbecic,0.0,0.0,0.0,0.0
zoranasadiq,0.0,0.0,0.0063492063492063,0.0126984126984126
zoranapiggott,0.0,0.0,0.0,0.0
zoranapetrov,0.0,0.0,0.0,0.0
zoranandric,0.0,0.2796610169491526,0.0,0.2796610169491526
zoranamusikic,0.0,0.0,0.0,0.0
zoranameic,0.0,0.0,0.0,0.0
zoraklostermann,0.0,0.0,0.0,0.0
zorakeslerova,0.0,0.0,0.0063492063492063,0.0126984126984126
zorakerova,0.0,0.0169491525423728,0.0126984126984126,0.0423459779391982
zorajirakova,0.0,0.1694915254237288,0.0095238095238095,0.1885391444713478
zorajaurova,0.0,0.0,0.0,0.0
zorajandova,0.0,0.0084745762711864,0.0063492063492063,0.0211729889695991
zoraidecoleto,0.0,0.0,0.0063492063492063,0.0126984126984126
zoraidasanjurjolopez,0.0,0.0,0.0,0.0
zoraidadalessandro,0.0,0.0,0.0,0.0
zoraialomas,0.0,0.0,0.0,0.0
zorahoward,0.0,0.0,0.0063492063492063,0.0126984126984126
zoraholtfreter,0.0,0.0,0.0,0.0
zoraholt,0.0,0.1610169491525423,0.0412698412698412,0.2435566316922249
zorahbenali,0.0,0.0338983050847457,0.019047619047619,0.0719935431799838
zoradirnbach,0.0,0.0,0.0,0.0
zoradehorter,0.0,0.1694915254237288,0.0,0.1694915254237288
zoracasebere,0.0,0.0338983050847457,0.0095238095238095,0.0529459241323648
zorabrankovic,0.0,0.0,0.0,0.0
zorabozinova,0.0,0.0,0.0,0.0
zorabovsepyan,0.0,0.0,0.0,0.0
zorabishop,0.0,0.0762711864406779,0.0253968253968253,0.1270648372343287
zorabikangaga,0.0,0.0,0.0,0.0
zoparilue,0.0,0.0,0.0,0.0
zootmoney,0.0,0.0169491525423728,0.0063492063492063,0.0296475652407855
zoot,0.0,0.0,0.0,0.0
zoonbesse,0.0,0.1440677966101695,0.0317460317460317,0.2075598601022329
zoon,0.0,0.0762711864406779,0.0063492063492063,0.0889695991390906
zooloo,0.0,0.0,0.0,0.0
zookmatthews,0.0,0.0084745762711864,0.0063492063492063,0.0211729889695991
zooeymiyoshi,0.0,0.0,0.0063492063492063,0.0126984126984126
zooeyjeong,0.0,0.0,0.0,0.0
zooeyhall,0.0,0.0,0.0158730158730158,0.0317460317460317
zooeygreif,0.0,0.1779661016949152,0.0063492063492063,0.1906645143933279
zooeydeschanel,0.032258064516129,0.211864406779661,0.1841269841269841,0.6768925685820164
zonmurray,0.0,0.0508474576271186,0.0285714285714285,0.1079903147699757
zonlangyuan,0.0,0.0,0.0,0.0
zongsimin,0.0,0.0,0.0,0.0
zonghuatuo,0.0,0.0,0.0,0.0
zonghanli,0.0,0.0,0.0095238095238095,0.019047619047619
zongchen,0.0,0.0,0.0,0.0
zonelibre,0.0,0.0,0.0,0.0
zone,0.0,0.0,0.0,0.0
zondwamditshwa,0.0,0.0,0.0,0.0
zomkiatariyachaipanich,0.0,0.0,0.0,0.0
zombiezombie,0.0,0.0,0.0,0.0
zombi,0.0,0.0,0.0,0.0
zombeast,0.0,0.0084745762711864,0.0,0.0084745762711864
zoltonterner,0.0,0.0,0.0,0.0
zoltanzidi,0.0,0.0,0.0,0.0
zoltanzelk,0.0,0.0,0.0,0.0
zoltanvarkonyi,0.0,0.0338983050847457,0.0095238095238095,0.0529459241323648
zoltanvarga,0.0,0.0,0.0,0.0
zoltantoldy,0.0,0.0,0.0,0.0
zoltantobolik,0.0,0.0,0.0,0.0
zoltantibortelek,0.0,0.0,0.0,0.0
zoltantamasi,0.0,0.0,0.0063492063492063,0.0126984126984126
zoltanszilagyivarga,0.0,0.0,0.0,0.0
zoltanszalkai,0.0,0.0,0.0,0.0
zoltanszakal,0.0,0.0,0.0,0.0
zoltanspirandelli,0.0,0.2033898305084745,0.0539682539682539,0.3113263384449825
zoltansostai,0.0,0.0,0.0,0.0
zoltanseress,0.0,0.2372881355932203,0.0253968253968253,0.2880817863868711
zoltanschoffer,0.0,0.0,0.0,0.0
zoltanschneider,0.0,0.0932203389830508,0.0126984126984126,0.1186171643798762
zoltanrencsar,0.0,0.0,0.0,0.0
zoltanratoti,0.0,0.0,0.0158730158730158,0.0317460317460317
zoltanrajkai,0.0,0.0,0.0095238095238095,0.019047619047619
zoltanpinter,0.0,0.0,0.0,0.0
zoltanpaul,0.0,0.0,0.0285714285714285,0.0571428571428571
zoltanpataki,0.0,0.0,0.0,0.0
zoltanpapp,0.0,0.1610169491525423,0.0095238095238095,0.1800645682001614
zoltanondikiss,0.0,0.0,0.0,0.0
zoltannagy,0.0,0.0,0.0,0.0
zoltanmucsi,0.0,0.1440677966101695,0.019047619047619,0.1821630347054076
zoltanmoll,0.0,0.0,0.0,0.0
zoltanmilkoshajdu,0.0,0.0,0.0,0.0
zoltanmayer,0.0,0.0,0.0063492063492063,0.0126984126984126
zoltanmartonffy,0.0,0.0,0.0,0.0
zoltanmaklary,0.0,0.0,0.0063492063492063,0.0126984126984126
zoltanlovasi,0.0,0.0,0.0,0.0
zoltanlnagy,0.0,0.0,0.0,0.0
zoltanlatinovits,0.0,0.059322033898305,0.0285714285714285,0.1164648910411622
zoltanlabas,0.0,0.0,0.0,0.0
zoltankvassay,0.0,0.0,0.0,0.0
zoltankovacs,0.0,0.0,0.0,0.0
zoltankorda,0.064516129032258,0.2288135593220339,0.0444444444444444,0.511250835307697
zoltankoppany,0.0,0.0,0.0,0.0
zoltankiss,0.0,0.0,0.0,0.0
zoltankerenyi,0.0,0.0,0.0,0.0
zoltankamondi,0.0,0.2372881355932203,0.0158730158730158,0.2690341673392521
zoltanjozan,0.0,0.0,0.0,0.0
zoltanjeney,0.0,0.0,0.0,0.0
zoltanhuszarik,0.0,0.0762711864406779,0.0095238095238095,0.095318805488297
zoltanhorvath,0.0,0.135593220338983,0.0126984126984126,0.1609900457358084
zoltanhorkai,0.0,0.0,0.0,0.0
zoltanhonti,0.0,0.0,0.0,0.0
zoltanhodi,0.0,0.0,0.0,0.0
zoltanhetenyi,0.0,0.0254237288135593,0.0095238095238095,0.0444713478611783
zoltanhauville,0.0,0.0,0.0,0.0
zoltangyongyosi,0.0,0.0,0.0,0.0
zoltangulyaskiss,0.0,0.0,0.0,0.0
zoltangreguss,0.0,0.0,0.0,0.0
zoltangera,0.0,0.2711864406779661,0.0285714285714285,0.3283292978208232
zoltangeczi,0.0,0.0,0.0,0.0
zoltangazsi,0.0,0.0,0.0,0.0
zoltangabortoth,0.0,0.0,0.0,0.0
zoltanfuzesi,0.0,0.0,0.0,0.0
zoltanfriedenthal,0.0,0.0,0.0063492063492063,0.0126984126984126
zoltanfrank,0.0,0.0,0.0,0.0
zoltanfenyvesi,0.0,0.0,0.0,0.0
zoltanfarkas,0.0,0.0,0.0,0.0
zoltanfabri,0.0,0.2203389830508474,0.0412698412698412,0.30287866559053
zoltanelek,0.0,0.0,0.0,0.0
zoltandzsupin,0.0,0.0,0.0,0.0
zoltandurko,0.0,0.0,0.0,0.0
zoltanduo,0.0,0.0,0.0,0.0
zoltandevenyi,0.0,0.0,0.0,0.0
zoltandeak,0.0,0.0,0.0,0.0
zoltandavid,0.0,0.0,0.0,0.0
zoltandanko,0.0,0.0,0.0,0.0
zoltancsincsi,0.0,0.0,0.0,0.0
zoltanchivay,0.0,0.0,0.0,0.0
zoltanbutuc,0.0,0.0762711864406779,0.0444444444444444,0.1651600753295668
zoltanbus,0.0,0.0,0.0,0.0
zoltanbuday,0.0,0.059322033898305,0.0126984126984126,0.0847188592951304
zoltanbonta,0.0,0.0,0.0,0.0
zoltanbok,0.0,0.0,0.0,0.0
zoltanbogdan,0.0,0.0,0.0,0.0
zoltanbiro,0.0,0.0,0.0,0.0
zoltanbezeredy,0.0,0.0,0.0095238095238095,0.019047619047619
zoltanbezeredi,0.0,0.0,0.0,0.0
zoltanberzsenyi,0.0,0.1271186440677966,0.0095238095238095,0.1461662631154156
zoltanbathory,0.0,0.0,0.0,0.0
zoltanbasilides,0.0,0.0,0.0,0.0
zoltanbarabaskis,0.0,0.0,0.0,0.0
zoltanbarabas,0.0,0.0,0.0095238095238095,0.019047619047619
zoltanban,0.0,0.0,0.0,0.0
zoltanbajkai,0.0,0.0,0.0,0.0
zoltanbacso,0.0,0.0,0.0,0.0
zoltan,0.0,0.0,0.0,0.0
zoljargalpurevdash,0.0,0.0,0.0,0.0
zolisaxaluva,0.0,0.0338983050847457,0.0126984126984126,0.0592951304815711
zolilenokwe,0.0,0.0508474576271186,0.0063492063492063,0.0635458703255313
zolidora,0.0,0.0,0.0,0.0
zolibenchorin,0.0,0.0,0.0,0.0
zoleegriggs,0.0,0.0,0.019047619047619,0.0380952380952381
zoleeganxsta,0.0,0.0423728813559322,0.0063492063492063,0.0550712940543449
zolawilliams,0.0,0.0,0.0,0.0
zolanimkiva,0.0,0.0,0.0,0.0
zolandaona,0.0,0.0,0.0,0.0
zolamaseko,0.0,0.0508474576271186,0.0126984126984126,0.076244283023944
zolaelgartglassman,0.0,0.0,0.0,0.0
zolabonginkosi,0.0,0.0,0.0,0.0
zola,0.0,0.0,0.0,0.0
zokirsultanov,0.0,0.0,0.0,0.0
zokaiholmes,0.0,0.0,0.0063492063492063,0.0126984126984126
zojyakireeva,0.032258064516129,0.0,0.0,0.0967741935483871
zojohnson,0.0,0.0,0.0,0.0
zojestage,0.0,0.0,0.0,0.0
zojazbaska,0.0,0.0,0.0,0.0
zojairamartinez,0.0,0.0,0.0,0.0
zoiseverin,0.0,0.0254237288135593,0.0095238095238095,0.0444713478611783
zoilagomez,0.0,0.0,0.0,0.0
zoilagarcia,0.0,0.0,0.0,0.0
zoilaameliagaleano,0.0,0.0,0.0,0.0
zoikottas,0.0,0.0,0.0,0.0
zoietam,0.0,0.0423728813559322,0.0063492063492063,0.0550712940543449
zoiepalmer,0.0,0.135593220338983,0.0888888888888888,0.3133709981167608
zoienagelhout,0.0,0.0,0.0,0.0
zoiekennedy,0.0,0.0,0.0063492063492063,0.0126984126984126
zoibota,0.0,0.0,0.0,0.0
zoiatrofimova,0.0,0.0423728813559322,0.0,0.0423728813559322
zoiatoledano,0.0,0.0,0.0,0.0
zoiakarabanova,0.0,0.0,0.0,0.0
zoiafedorova,0.0,0.0,0.0,0.0
zohrenweiss,0.0,0.1186440677966101,0.0126984126984126,0.1440408931934355
zohrehabbasi,0.0,0.0,0.0,0.0
zohrayeddou,0.0,0.0,0.0,0.0
zohratadlaoui,0.0,0.0,0.0,0.0
zohrashahalimi,0.0,0.0,0.0,0.0
zohrasehgal,0.0,0.1440677966101695,0.019047619047619,0.1821630347054076
zohrasegal,0.0,0.5254237288135594,0.0126984126984126,0.5508205542103848
zohraoubaha,0.0,0.0,0.0,0.0
zohranasim,0.0,0.0,0.0,0.0
zohranaderi,0.0,0.0,0.0,0.0
zohramouffok,0.0,0.0,0.0095238095238095,0.019047619047619
zohralampert,0.0,0.4067796610169492,0.0507936507936507,0.5083669626042507
zohrakrim,0.0,0.0,0.0,0.0
zohrahamiti,0.0,0.0,0.0,0.0
zohrafliflaslimani,0.0,0.0,0.0,0.0
zohradrifbitat,0.0,0.0,0.0,0.0
zohradrif,0.0,0.0,0.0,0.0
zohrabenrabah,0.0,0.0,0.0,0.0
zohrabenali,0.0,0.059322033898305,0.019047619047619,0.0974172719935431
zoharwexler,0.0,0.1271186440677966,0.0222222222222222,0.171563088512241
zoharwagner,0.0,0.0,0.0,0.0
zoharstrauss,0.0,0.0,0.0063492063492063,0.0126984126984126
zoharshtrauss,0.0,0.1016949152542372,0.0317460317460317,0.1651869787463007
zoharsela,0.0,0.0,0.0,0.0
zoharoryah,0.0,0.0,0.0,0.0
zoharmsela,0.0,0.0,0.0,0.0
zoharmichel,0.0,0.0,0.0,0.0
zoharmeidan,0.0,0.0,0.0,0.0
zoharmazor,0.0,0.0,0.0,0.0
zoharmaksimov,0.0,0.0,0.0,0.0
zoharliba,0.0,0.0254237288135593,0.0126984126984126,0.0508205542103847
zoharhanuni,0.0,0.0,0.0,0.0
zoharcheppa,0.0,0.0,0.0,0.0
zoharahman,0.0,0.0,0.0,0.0
zohamamsalem,0.0,0.0,0.0,0.0
zofiezajickova,0.0,0.0,0.0,0.0
zofiazborowska,0.0,0.0169491525423728,0.0095238095238095,0.0359967715899919
zofiazaretok,0.0,0.0,0.0,0.0
zofiawichlacz,0.0,0.0677966101694915,0.0317460317460317,0.131288673661555
zofiaswiatkiewicz,0.0,0.0,0.0,0.0
zofiastafiej,0.0,0.0,0.0,0.0
zofiasaretok,0.0,0.0,0.0,0.0
zofiarysionova,0.0,0.0,0.0,0.0
zofiaposmysz,0.0,0.0,0.0,0.0
zofiaperczynska,0.0,0.0,0.0,0.0
zofiamrozowska,0.0,0.0,0.0126984126984126,0.0253968253968253
zofiamoreno,0.0,0.0169491525423728,0.0126984126984126,0.0423459779391982
zofiamenuet,0.0,0.0,0.0,0.0
zofiamartisova,0.0,0.0,0.0,0.0
zofialindorf,0.0,0.0,0.0,0.0
zofiakunert,0.0,0.0,0.0,0.0
zofiakomasa,0.0,0.0,0.0,0.0
zofiakajzerowna,0.0,0.0,0.0,0.0
zofiajedrzejczak,0.0,0.0,0.0,0.0
zofiajastrzebska,0.0,0.0,0.0063492063492063,0.0126984126984126
zofiajaroszuk,0.0,0.0,0.0,0.0
zofiagraziewicz,0.0,0.0,0.0,0.0
zofiagieryk,0.0,0.0,0.0,0.0
zofiadwornik,0.0,0.0,0.0,0.0
zofiadomalik,0.0,0.0,0.0,0.0
zofiaczerwinska,0.0,0.3983050847457627,0.0126984126984126,0.4237019101425882
zofiacegielkowa,0.0,0.0,0.0,0.0
zofiabrooks,0.0,0.0,0.0,0.0
zofiaborucka,0.0,0.0,0.0063492063492063,0.0126984126984126
zofiabebej,0.0,0.0,0.0,0.0
zofiabak,0.0,0.0,0.0,0.0
zoezwede,0.0,0.0,0.0,0.0
zoezurstrassen,0.0,0.0,0.0,0.0
zoezinman,0.0,0.0,0.0,0.0
zoezien,0.0,0.0,0.0,0.0
zoeziegler,0.0,0.0,0.0,0.0
zoezhang,0.0,0.0,0.0,0.0
zoezegerman,0.0,0.0,0.0,0.0
zoezandvliet,0.0,0.0,0.0,0.0
zoeyzimmerman,0.0,0.0,0.0,0.0
zoeyvargas,0.0,0.0084745762711864,0.0095238095238095,0.0275221953188054
zoeyuzna,0.0,0.0,0.0,0.0
zoeyu,0.0,0.0,0.0,0.0
zoeytodorovsky,0.0,0.0,0.0,0.0
zoeysiewert,0.0,0.0,0.0063492063492063,0.0126984126984126
zoeyreyes,0.0,0.0,0.0,0.0
zoeyrenee,0.0,0.0,0.0,0.0
zoeymerchant,0.0,0.0,0.0,0.0
zoeymartinson,0.0,0.0,0.0063492063492063,0.0126984126984126
zoeyluna,0.0,0.0,0.0095238095238095,0.019047619047619
zoeykay,0.0,0.0,0.0,0.0
zoeyeoman,0.0,0.0338983050847457,0.0095238095238095,0.0529459241323648
zoeydeutch,0.0,0.1016949152542372,0.0952380952380952,0.2921711057304277
zoeydean,0.0,0.0,0.0,0.0
zoeyburger,0.0,0.0,0.0,0.0
zoeybrooks,0.0,0.0,0.0,0.0
zoewright,0.0,0.0,0.0,0.0
zoeworth,0.0,0.0,0.0095238095238095,0.019047619047619
zoewolf,0.0,0.0,0.0095238095238095,0.019047619047619
zoewittock,0.0,0.0,0.0095238095238095,0.019047619047619
zoewintherhansen,0.0,0.0,0.0063492063492063,0.0126984126984126
zoewinters,0.0,0.1101694915254237,0.0285714285714285,0.1673123486682808
zoewilson,0.0,0.0,0.0,0.0
zoewilliams,0.0,0.0,0.0,0.0
zoewight,0.0,0.0,0.0,0.0
zoewiesenthal,0.0,0.0,0.0095238095238095,0.019047619047619
zoewhittall,0.0,0.0,0.0,0.0
zoewhitford,0.0,0.0,0.0,0.0
zoewhite,0.0,0.0,0.0,0.0
zoeweizenbaum,0.0,0.0,0.0095238095238095,0.019047619047619
zoeweiland,0.0,0.0084745762711864,0.0158730158730158,0.0402206080172181
zoewaters,0.0,0.0,0.0,0.0
zoewang,0.0,0.0,0.0,0.0
zoewanamaker,0.0,0.3559322033898305,0.1015873015873015,0.5591068065644337
zoewaites,0.0,0.0,0.0063492063492063,0.0126984126984126
zoevoss,0.0,0.0,0.0063492063492063,0.0126984126984126
zoevink,0.0,0.0,0.0,0.0
zoevincent,0.0,0.0,0.0,0.0
zoeverbil,0.0,0.0,0.0,0.0
zoeventura,0.0,0.0,0.0,0.0
zoeventoura,0.0,0.0677966101694915,0.019047619047619,0.1058918482647296
zoevantieghem,0.0,0.0,0.0,0.0
zoevanderwaal,0.0,0.0,0.0,0.0
zoevance,0.0,0.0,0.0,0.0
zoevaldes,0.0,0.0,0.0,0.0
zoetwitt,0.0,0.0,0.0,0.0
zoetuckwellsmith,0.0,0.0762711864406779,0.0158730158730158,0.1080172181867097
zoetrilling,0.0,0.0508474576271186,0.0158730158730158,0.0825934893731503
zoetribord,0.0,0.0,0.0,0.0
zoetremblay,0.0,0.0,0.0,0.0
zoetimarche,0.0,0.0,0.0,0.0
zoethurau,0.0,0.0,0.0063492063492063,0.0126984126984126
zoethorne,0.0,0.0169491525423728,0.0126984126984126,0.0423459779391982
zoethompson,0.0,0.0,0.0,0.0
zoethomas,0.0,0.0,0.0,0.0
zoethimonnierskriabin,0.0,0.0,0.0,0.0
zoeterakes,0.0,0.0169491525423728,0.0126984126984126,0.0423459779391982
zoetellier,0.0,0.0,0.0063492063492063,0.0126984126984126
zoetelford,0.0,0.1779661016949152,0.0952380952380952,0.3684422921711057
zoetaylor,0.0,0.0,0.0,0.0
zoetay,0.0,0.0,0.0,0.0
zoetavarelli,0.0,0.0,0.0063492063492063,0.0126984126984126
zoetapper,0.0,0.1440677966101695,0.1079365079365079,0.3599408124831854
zoetahir,0.0,0.0,0.0,0.0
zoeswope,0.0,0.0,0.0,0.0
zoesuacho,0.0,0.0,0.0,0.0
zoestuckless,0.0,0.0,0.0,0.0
zoestraub,0.0,0.0,0.0095238095238095,0.019047619047619
zoestonemolloy,0.0,0.0,0.0,0.0
zoestollery,0.0,0.0,0.0,0.0
zoestjohn,0.0,0.0,0.0,0.0
zoestewart,0.0,0.0,0.0,0.0
zoestein,0.0,0.0169491525423728,0.0158730158730158,0.0486951842884046
zoesoul,0.0,0.0932203389830508,0.0126984126984126,0.1186171643798762
zoesottiaux,0.0,0.0,0.0063492063492063,0.0126984126984126
zoesophiagarcia,0.0,0.0254237288135593,0.0063492063492063,0.038122141511972
zoesmith,0.0,0.0,0.0,0.0
zoesloane,0.0,0.0,0.0,0.0
zoesimpson,0.0,0.0,0.0,0.0
zoesimon,0.0,0.0,0.0,0.0
zoesimek,0.0,0.0,0.0,0.0
zoesidel,0.0,0.1101694915254237,0.0095238095238095,0.1292171105730427
zoesheridan,0.0,0.0,0.0,0.0
zoesharpe,0.0,0.0,0.0,0.0
zoescott,0.0,0.0169491525423728,0.0158730158730158,0.0486951842884046
zoeschweyer,0.0,0.0,0.0,0.0
zoeschwartz,0.0,0.0,0.0,0.0
zoeschroter,0.0,0.0,0.0,0.0
zoeschneider,0.0,0.0,0.0,0.0
zoeschlagel,0.0,0.0084745762711864,0.0095238095238095,0.0275221953188054
zoeschellenberg,0.0,0.0932203389830508,0.019047619047619,0.1313155770782889
zoesassier,0.0,0.0,0.0,0.0
zoesandejas,0.0,0.0,0.0,0.0
zoesalnave,0.0,0.0,0.0,0.0
zoesalmon,0.0,0.0254237288135593,0.0063492063492063,0.038122141511972
zoesaldana,0.0,0.1864406779661017,0.219047619047619,0.6245359160613397
zoesakellaropoulo,0.0,0.135593220338983,0.0,0.135593220338983
zoerocha,0.0,0.0,0.0,0.0
zoerobyn,0.0,0.0,0.0,0.0
zoerobins,0.0,0.0423728813559322,0.019047619047619,0.0804681194511703
zoerivet,0.0,0.0,0.0063492063492063,0.0126984126984126
zoerivemale,0.0,0.0,0.0,0.0
zoerietti,0.0,0.0,0.0,0.0
zoerichards,0.0,0.0423728813559322,0.0063492063492063,0.0550712940543449
zoerichard,0.0,0.0,0.0095238095238095,0.019047619047619
zoereynaud,0.0,0.0,0.0,0.0
zoerenee,0.0,0.0423728813559322,0.019047619047619,0.0804681194511703
zoercassavetes,0.0,0.4067796610169492,0.0349206349206349,0.476620930858219
zoeraye,0.0,0.0,0.0,0.0
zoerainey,0.0,0.0,0.0126984126984126,0.0253968253968253
zoeraeburns,0.0,0.0,0.0,0.0
zoepoutrel,0.0,0.0,0.0,0.0
zoepostico,0.0,0.0,0.0,0.0
zoeportanova,0.0,0.0254237288135593,0.0063492063492063,0.038122141511972
zoepool,0.0,0.0,0.0,0.0
zoeponzo,0.0,0.0,0.0,0.0
zoepoledouris,0.0,0.1610169491525423,0.0,0.1610169491525423
zoepolanski,0.0,0.0,0.0,0.0
zoepinelli,0.0,0.0,0.0095238095238095,0.019047619047619
zoephillips,0.0,0.0,0.0,0.0
zoeperry,0.0,0.2372881355932203,0.0539682539682539,0.3452246435297282
zoeperron,0.0,0.0,0.0,0.0
zoeperrin,0.0,0.0,0.0063492063492063,0.0126984126984126
zoepepper,0.0,0.0,0.0,0.0
zoepayne,0.0,0.0,0.0,0.0
zoepauwels,0.0,0.0,0.0,0.0
zoepauliks,0.0,0.0,0.0,0.0
zoepaul,0.0,0.0,0.0,0.0
zoepastelleholthuizen,0.0,0.0,0.0095238095238095,0.019047619047619
zoepadot,0.0,0.0,0.0,0.0
zoeolivia,0.0,0.0,0.0,0.0
zoeogrady,0.0,0.0,0.0063492063492063,0.0126984126984126
zoenutter,0.0,0.0,0.0,0.0
zoenortonlodge,0.0,0.0,0.0,0.0
zoenonn,0.0,0.1440677966101695,0.0380952380952381,0.2202582728006457
zoenoellebaker,0.0,0.0084745762711864,0.0158730158730158,0.0402206080172181
zoeniemkiewicz,0.0,0.0,0.0,0.0
zoeneary,0.0,0.0,0.0,0.0
zoendlovu,0.0,0.0,0.0,0.0
zoenaylor,0.0,0.0,0.0126984126984126,0.0253968253968253
zoenaumann,0.0,0.0,0.0,0.0
zoenathenson,0.0,0.0,0.0063492063492063,0.0126984126984126
zoemyers,0.0,0.0423728813559322,0.0222222222222222,0.0868173258003766
zoemulheims,0.0,0.0,0.0,0.0
zoemugford,0.0,0.0,0.0063492063492063,0.0126984126984126
zoemorganchiswick,0.0,0.0,0.0,0.0
zoemorgan,0.0,0.0,0.0,0.0
zoemor,0.0,0.0,0.0,0.0
zoemoore,0.0,0.0847457627118644,0.0825396825396825,0.2498251277912294
zoemolyneux,0.0,0.0,0.0,0.0
zoemoissakis,0.0,0.0,0.0,0.0
zoemiller,0.0,0.0,0.0063492063492063,0.0126984126984126
zoemiku,0.0,0.0,0.0,0.0
zoemetivier,0.0,0.0,0.0,0.0
zoemerg,0.0,0.0,0.0,0.0
zoemenager,0.0,0.0,0.0,0.0
zoemclellan,0.0,0.1949152542372881,0.1174603174603174,0.429835889157923
zoemclane,0.0,0.0,0.0095238095238095,0.019047619047619
zoemcintosh,0.0,0.0,0.0063492063492063,0.0126984126984126
zoemcgahaschletter,0.0,0.0,0.0,0.0
zoemassenti,0.0,0.0,0.0,0.0
zoemarshall,0.0,0.0,0.0,0.0
zoemarsault,0.0,0.0,0.0,0.0
zoemarlett,0.0,0.0,0.0063492063492063,0.0126984126984126
zoemargaretcolletti,0.0,0.1016949152542372,0.0476190476190476,0.1969330104923325
zoemarchal,0.0,0.0677966101694915,0.0571428571428571,0.1820823244552058
zoemannhardt,0.0,0.0,0.0063492063492063,0.0126984126984126
zoemann,0.0,0.0,0.0095238095238095,0.019047619047619
zoemanarel,0.0,0.0,0.0095238095238095,0.019047619047619
zoemalouvet,0.0,0.0,0.0,0.0
zoemaliamoon,0.0,0.0,0.0063492063492063,0.0126984126984126
zoemahfouz,0.0,0.0,0.0,0.0
zoemagnin,0.0,0.0,0.0,0.0
zoemacleod,0.0,0.0,0.0,0.0
zoelund,0.0,0.1016949152542372,0.0158730158730158,0.133440947000269
zoelulu,0.0,0.0,0.0,0.0
zoelukov,0.0,0.0,0.0,0.0
zoelucker,0.0,0.0423728813559322,0.0063492063492063,0.0550712940543449
zoelturnbull,0.0,0.0,0.0,0.0
zoelovesmith,0.0,0.0,0.0126984126984126,0.0253968253968253
zoelourichard,0.0,0.0,0.0,0.0
zoellogilli,0.0,0.0,0.0,0.0
zoelisterjones,0.0,0.2288135593220339,0.1111111111111111,0.4510357815442561
zoelillian,0.0,0.0,0.0,0.0
zoeliegauvin,0.0,0.0,0.0,0.0
zoeliang,0.0,0.0,0.0,0.0
zoelevin,0.0,0.0847457627118644,0.0317460317460317,0.1482378262039279
zoelescaze,0.0,0.0,0.0,0.0
zoelepetitdidiercarcano,0.0,0.0,0.0063492063492063,0.0126984126984126
zoelenoir,0.0,0.0,0.0095238095238095,0.019047619047619
zoelemonnier,0.0,0.0,0.0,0.0
zoeleighsarris,0.0,0.0,0.0,0.0
zoeleighhopkins,0.0,0.0,0.0126984126984126,0.0253968253968253
zoeleclerc,0.0,0.0,0.0063492063492063,0.0126984126984126
zoeleber,0.0,0.059322033898305,0.0095238095238095,0.0783696529459241
zoeleader,0.0,0.0,0.0,0.0
zoelauque,0.0,0.0,0.0,0.0
zoelatchoumanin,0.0,0.0,0.0,0.0
zoelaporte,0.0,0.0,0.0,0.0
zoelandron,0.0,0.0,0.0,0.0
zoelabasse,0.0,0.0,0.0,0.0
zoelaband,0.0,0.0,0.0,0.0
zoekravitz,0.0,0.135593220338983,0.1301587301587301,0.3959106806564434
zoekovacs,0.0,0.0,0.0,0.0
zoekoehler,0.0,0.0,0.0,0.0
zoeknight,0.0,0.0,0.0,0.0
zoekirkgushowaty,0.0,0.0,0.0,0.0
zoeking,0.0,0.0,0.0,0.0
zoekent,0.0,0.0,0.0,0.0
zoekeating,0.0,0.0,0.0,0.0
zoekazan,0.0,0.1525423728813559,0.1142857142857142,0.3811138014527845
zoejoshuatreelogan,0.0,0.0,0.0,0.0
zoejirik,0.0,0.0,0.0,0.0
zoejewell,0.0,0.0,0.0,0.0
zoejarman,0.0,0.0932203389830508,0.0158730158730158,0.1249663707290826
zoeishmael,0.0,0.0169491525423728,0.0063492063492063,0.0296475652407855
zoeiorio,0.0,0.0,0.0,0.0
zoeincrocci,0.0,0.3305084745762712,0.0095238095238095,0.3495560936238902
zoehunter,0.0,0.0,0.0063492063492063,0.0126984126984126
zoehowe,0.0,0.0,0.0,0.0
zoehoughton,0.0,0.0,0.0063492063492063,0.0126984126984126
zoehoffmann,0.0,0.0,0.0,0.0
zoehoare,0.0,0.0,0.0,0.0
zoehilson,0.0,0.0423728813559322,0.0,0.0423728813559322
zoeheyes,0.0,0.0338983050847457,0.0063492063492063,0.0465967177831584
zoeheran,0.0,0.0932203389830508,0.0444444444444444,0.1821092278719397
zoehenry,0.0,0.0423728813559322,0.0095238095238095,0.0614205004035512
zoehenretty,0.0,0.0,0.0,0.0
zoehenninger,0.0,0.0,0.0,0.0
zoehendrix,0.0,0.0,0.0063492063492063,0.0126984126984126
zoeheller,0.0,0.0,0.0,0.0
zoeheath,0.0,0.0508474576271186,0.0222222222222222,0.0952919020715631
zoehay,0.0,0.0,0.0,0.0
zoehatherell,0.0,0.0,0.0,0.0
zoehartman,0.0,0.0084745762711864,0.0063492063492063,0.0211729889695991
zoeharrison,0.0,0.0,0.0063492063492063,0.0126984126984126
zoeharding,0.0,0.0,0.0,0.0
zoehalliday,0.0,0.0423728813559322,0.0063492063492063,0.0550712940543449
